id,filename,text,label,timestamp
109_jpg.rf.509c28d497bdd0ffb32fb17d05c53a28.jpg,109_jpg.rf.509c28d497bdd0ffb32fb17d05c53a28.jpg,"Invoice Tanners Laundry Billed to: Invoice Number: l23bb3 4b9 Wilson St. Chicago, IL The Ballard Hotel Date: os/o2/2o24 sss 2b3 3b3b 2bs Gardner St, Chicago, IL. Due: os/l2/2o24 Infogtannerlaundry.sp.com sss 2b3 3s33 infoaballardhotelsp.com Bed Sheets X Washed Pressed Duvet X Washed Pressed Comfortors X Washed Prossed Blankets X Washed Pressed Pillow Cases X Washed Pressed Other Due Date: Ploase pay Invoice by May l2th at the latest. Thank you fer your businessi",3,2025-04-06 18:39:58
Invoice_29_jpg.rf.847853b6c1c75fc242d7ce9224191c17.jpg,Invoice_29_jpg.rf.847853b6c1c75fc242d7ce9224191c17.jpg,"oo ozcs ae oo ooors rears Bary 9os VOIsSIOs aD way ook OOOLS DAUTN Way UNO, Bray 9oB VOTdUNSaD Wa oooL t OOOLs URN Way INOA, B29y l9ob YOY 94oo Wait ooot t OOOl UCN WAIi INCA, Biay tac Voydntep Way fo veld ools QUERY Woy INOA, Wnoury ey HAD 3soD run vosdisseg PHLOOL 3oo9 diZ ones o 2B Agunas ais AND ooocSr aenniion oooooo ouran usd IML a2CAUy ATL OITALT OL peg espa / ono KY chad 7a eae crac SPOON DSaupoy nce edad Te ener heey HUNG STO HNS AED",3,2025-04-06 18:40:08
659_png_jpg.rf.afc652908c803b64a4b9177fd3d70fe2.jpg,659_png_jpg.rf.afc652908c803b64a4b9177fd3d70fe2.jpg,"JULIE MARNITIER CAFE ET PETITDOESEUNER FACTURE RESTAURANT T l phone du client : Ool 23 l4 bs 7B LA LUCIOLE Adresse du client b place Fernand Lafargue, 7soo2 Paris Quantity Red velvet cake Vanilla cupcake a set of l2 ame l er Classic carrot cake Sous-total : 492 TVA o :Oo Prix total: 492 C bonjouracanvasupersite.fr Banque de Condorcet ol 23 4s b7 B9 Nom du compte: Julle Marnier l2 rue de la Paix, Num ro de compte t FRl2s4b9Bss234 7sooo Paris O talls bancalres",3,2025-04-06 18:40:09
outfile253_png_jpg.rf.fc75f83348e8337c71b4102ad95f0d93.jpg,outfile253_png_jpg.rf.fc75f83348e8337c71b4102ad95f0d93.jpg,"sepersiore INVOICE 4292l Data. Aug OF 2ol2 GE To. Ship To: M Fi Benjamin Palterson Port Harcourt, Rivers, . . wat Nigerte Balance Dux 249.Bs SAFCO Executive Leather Armchair, Black 2 427s.4o Chars, Furuse, FUR-CH-s774 Subtotal, 3sso.bo Discount 7o: 39s.sb Shippeng: B4.bl Total. 3249.Bs Notes: Thanks for your bunnessi Terma: Onder ID : NV-2ol2-oPl29o9s-4ll22",3,2025-04-06 18:40:11
235_png_jpg.rf.967f92b61ce57a5becdd0c3d650f1197.jpg,235_png_jpg.rf.967f92b61ce57a5becdd0c3d650f1197.jpg,"ILwmewy IRolbertsera iegOoool23 Dates Payable.b riathtAcous o22 Cucy, Robertso FreslanceDasigner lsDraws Road, suffolk infoalucyrobertsondesign.s te.com, initial Consul faion yy SOmm Eg oo Genghis Rieti Ooi adery - E22oo BE MEE 22oo Subictall 22Bo WAY a COs ALG",3,2025-04-06 18:40:12
174_jpg.rf.f850d0ad3305794fedc8b7336ab242be.jpg,174_jpg.rf.f850d0ad3305794fedc8b7336ab242be.jpg,"Receipt No. l344 o2-o3-2o Sales Receipt Billed to: Rachel Smith, sB Apartment Street, The Valley, CA sss-l23-4sb QTY ITEM/SERVICE COST l POLISH l44 s.oo l POLISH lbb s.oo l ACRYLIC NAILS 3o.oo 2 POLISH lo9 lo.oo TAX s.oo Total ss.oo Jessicas Nail Salon",3,2025-04-06 18:40:18
6294c8b96d0312bd14f2146c_jpg.rf.8670bee7ebb4487ce5e395fd1359a1e4.jpg,6294c8b96d0312bd14f2146c_jpg.rf.8670bee7ebb4487ce5e395fd1359a1e4.jpg,": mee .u EX, Cuere an ese TAX 4B tmnutriculation 3 PleGe AUTO amed Oo Fhervortsh. Row Toth Bast PES om PaLeme. te we Py ve ws o OGLULEtTa manne STAR ORGY azaT ace- It DICLETTE AAG . BRAT GUSFONTION CHAPS OINECTION 4o22.oo dh - Totel payer: 9lo2o,oo am wesc peewee deme SIE AIO gfe He EC",3,2025-04-06 18:40:40
246_png_jpg.rf.d35f8a7c15c34630dde6565b274a724b.jpg,246_png_jpg.rf.d35f8a7c15c34630dde6565b274a724b.jpg,"oo a i-4 s wy s E s B Bow ee g B B s4B B Ba B Ped oO o ood 7 eb 3 gs 2 24,sB 2 a sssB 2 2 . s2S 2 3 Sobas B ge 4 nd oO BsrIaG c re 2s s SYauo aN 3 2 exo Beese 2 Nn N oO Joa B Mowat e ci oO Qer a Y e 2 e- - fos E os 2bg o 9 a - 3 oa a oo a 2 a Ec - - ze S YsBo e is a ceu gaus 2 s eas Py aa 2 E 4 a x2zog B EStse Ss a zr 2 frgne Son 9 2 3Bos o c STOIMORANA",3,2025-04-06 18:40:46
20200097343_page-0001_jpg.rf.83f3d4205b3dd42f33c4e85951f4e648.jpg,20200097343_page-0001_jpg.rf.83f3d4205b3dd42f33c4e85951f4e648.jpg,"a TOPNET Come PE 2olrAmOD Face hs o7oooo7 bowsrrena bochrs Penode du olol/2o2o Au 3o2o2o Ge ser terda ol be Hebets mts Cramton Pecture l 7ool/2o2o mtn Sectnernce : ZYCZIZo tenast 4o TORE 722. xtoctaretion Aen ee Pints TT Bmart ADSL TT ol7ol2o2o . 3lol77o2o l Rodevance d abonnemant principale Flies ol/ol/2o2o 2l4ol72o2o Veenad Albert Arr t ta pr sente facture te somme de Vingt-neul dinars et six cent sohiante-neuf milimes Merci de noter que le montant total payer. y compris les anclennes factures, e iive 3b,oboo7 GD TOPNET l ctodmrendity oy rr Compan te Verweterd COP aes Momma, Aetironee - . qesong",3,2025-04-06 18:40:49
480_jpg.rf.a84c7bf06c7f7e7333f6d008f34ce1e0.jpg,480_jpg.rf.a84c7bf06c7f7e7333f6d008f34ce1e0.jpg,"INVOICE Nueve Office Supplies sss-999-lsbb infoanueveoffice.sp.com lB2b Belson St. New Orleans, LA : Invoice No. lB2Bb Billed Shipped to Date: ob-l7-2o23 Parasos Co. Due: 2o business days 2s2 Holden St, Augusta, GA . sss 4ls 2b99 infoaparsosco.sp.com .Description Unit Cost . Amount Block paper notepads 7.so. : 33b s pack - Printer ink set of 4 soe colors Subtotal lBb Tax 7, l3.o2 Shipping Fee ls Total 2l4.o2",3,2025-04-06 18:40:50
65_png_jpg.rf.ad72bd04f715aa42f5de896807b09ee6.jpg,65_png_jpg.rf.ad72bd04f715aa42f5de896807b09ee6.jpg,"ton ia QD izoal l ounmwa load esr DFESE YU 2cumsood . BOIAG YTO - Morrainsaza OO.pe Nosquoca oo.es rr. 4o2 zbrmnted Iniva oo.eE f 49b/9 - nool ynnit2 aliatea ooar . . . OnBc-cB Cl orovni . r . olnseB nermortei7 ros/uNte ond GLOSNOINE ol,o 9ud . oCbaBr Josotdue.- ase: ixol a2- o - Iato lr",3,2025-04-06 18:40:55
668_png_jpg.rf.423efcc90ebb389f53eb923835b0878b.jpg,668_png_jpg.rf.423efcc90ebb389f53eb923835b0878b.jpg,"ooool pay dj, azts poses 22/ol/2o22 syy2i Aue sa 2b Ele lsb 2s/os/22 c glass dO VlSsG 4 Epa Lisl Ute pt on oloo4sb7l23 marhabaareallygreatalte.com - gmat Baai maa aan gli la l lB Big S92 tS LS. c 2s l 2s Lous ae 2o l 2o lp Jadglee C b3 yA aatt glen 2s rwwee saa fleet te c - l bd sy fbr Glogine . 7 euslapall www. roalygroatsite.com 34lbo7Bb4Bbl7b2 ny lant ey",3,2025-04-06 18:41:00
480_jpg.rf.216d72a52928350afb00cb0cd4a1bcf3.jpg,480_jpg.rf.216d72a52928350afb00cb0cd4a1bcf3.jpg,"INVOICE Nueve Office Supplies sss-999-lsbb Infoanueveoffice.sp.com lB2b Belson St, New Orleans, LA .Invoice No. lB2Bb Billed Shipped to Date: ob-l7-2o23 Parasos Co, Due: 2o business days 2s2 Holden st Augusta, GA sBs4ls2b99 Infoaparsosco.sp.com Description Unit Cost Amount Block paper notepads 7.so 9o s pack Printer ink set of 4 colors Subtotal lBb. Tax 7, l3.o2 Shipping Fee ls. Total 2l4.o2",3,2025-04-06 18:41:06
535_png_jpg.rf.85094911e9af2203c2047018974fc61d.jpg,535_png_jpg.rf.85094911e9af2203c2047018974fc61d.jpg,"Salford Co. l23 Anywhere St, Any City, ST l23bs INVOICE NO. lbo9-ol DATEi 2o/ob/2o22 ITEM DESCRIPTION aty PRICE TOTAL Web Page Design s. . lso,oob 7so.oo Ilistration lo 3s.oo 3so,oob Presentation Template so s.oo 2so,oo SUD TOTAL: i l,Bso.oo TAX lo lBs.oo GRAND TOTAL 2,o3s.oo PAYABLE TO Me.Howard Ong l23 Anywhere St.,:Any City BANK DETAILS Salford Co., l23-4sb-7B9o jr l23-4sb-7B9o nelloareallygreatsite.com reallygreatsite.com",3,2025-04-06 18:41:16
343_jpg.rf.aa1baeb1f38c9be22a4a30bcc3d2e9c8.jpg,343_jpg.rf.aa1baeb1f38c9be22a4a30bcc3d2e9c8.jpg,"SOE Espresso Flowers INVOICE NO. 799373 DATE ISSUEQ: l9/lo/l9 INVDICE NO. 799373 arty PRICE TOTAL RETAIL COFFEE BAGS 3s 9.9o 347 CHEM BREWER 3s 3s TAKE AWAY CUPS l.2o l2l.2o SUNFLOWER PLANT ls 3o TOTAL s33.2o BILL TO: SCOTT VIKANDER OHIO LANE RIVER ROAD CLAPHAM, LONDON. ESPRESSOANDFLOWERS.COM SW",3,2025-04-06 18:41:23
625_jpg.rf.76e6549b273bf803ed7de7c98aff6c84.jpg,625_jpg.rf.76e6549b273bf803ed7de7c98aff6c84.jpg,"l NVO I Cc E RIGHARD SANCHEZ Grapnic Designer - No. loo9-ol l23-4sb-7B9o Due l December 2o22 hetloareallygreatsite.com ERE BAILEY DUPONT Studio Shadowe l23 Anywhere St., Studio.Shadoweamall.com -/ Any City, ST l234s Doscription Prica Brand Analysis . 2ooo dentity Design bsoo Logo Design Visual Design l Apptication Dealgn Brand Guldetine : 3soo identity Usage Training ..lb4o Payment Method Subtotal l3s4o Bank Transfer 2 Thynk Unlimited Bank . Account Number l l23-4sb-7B9o Tex o l3s4 Total l4B94 Terms and Conditions Payment Terms Are Usually Stated on the Invoice. These May Specity That the Buyer Has a Maximum Number of Days In Which To. Pay and ts Sometimes Offered a Discount If Pald Before the Due Date. Richard Sanchez Graphic Designer",3,2025-04-06 18:41:26
501_jpg.rf.0b85f56667085c1cb7fa486d41960523.jpg,501_jpg.rf.0b85f56667085c1cb7fa486d41960523.jpg,"pLeres TwWlOL veSIs OoB xoL KL xDL OvEeZs WwioLans Po sZzs sls Ss uolsses desd WiDXx ovesl OZEels ray bBupown, wow orwatig LNNOWY ald YH ALD/SHH SADIAYUIS woodssl/DWwaeOZLseAsju 9b7lL-SGBBl-SSS WW oBpayD BAIG VOSPOOM OBBL aAl4 GON pets JOIOANI WOo-ds-UJDWIDISADIDaojunl oceratslaG3 ES Bu mo nity WEE WISAWY",3,2025-04-06 18:41:45
327_jpg.rf.b24ee6c9bac245ce328ef4e0967399f8.jpg,327_jpg.rf.b24ee6c9bac245ce328ef4e0967399f8.jpg,"IINIWoOIcClS Ref. Number os32ssB Date: Apr-lo-2oXX Bue: May-l2-2oXX From Billed to DAngelo Miles Photography Chaney Tech Labs lBs Ernest St, Denver, CO 2B2 Wilson St, Denver, CO 3ll sss-oloo 3ll sss-oloo Infoadmilesphoto.site.com infoachaneytechlabs.site.com 4 ty Hi Rate Amount my Event photography l9 2.s 47.so Social media editing lB 3 s4 Private photoshoot l2 s bo Subtotal lbl.so Discount lo Tax Rate o Tax o Total l4s.3s Note: Please Indicate the invoice number on your payment transfer, thank you.",3,2025-04-06 18:41:56
46_png_jpg.rf.3b8676b51d0afdfdd94582a848464e3c.jpg,46_png_jpg.rf.3b8676b51d0afdfdd94582a848464e3c.jpg,"FACTURE Joanna Binet 43 Coubertn 9l4oo Parte l FacTureA ENVOYEA- FACTURE It FRool , Cendsiton Ayor Gendrttion Ayot OATE: 29/ol/2ol9 co 4b Rue St Ferr ol ANNE Ne pedbediednaila Sosee hedcrrewce COMMANDE N lb9o/2ol9 . . . ECHEANCE 24/oB/2ol9 ar : DESIGNATION PRIX UNIT. HT MONTANT HT t / Grand brun escargot pour manger loo,oo loo.oo 2 Peutmarinitre untorme en blow 4B.oo 3o.oo, 3 Facile jouer accard on b.oo ls.oo Total HT l43.oo : . TVA 2o.o 29.oo l TOTAL l74.oo - / / i l i i CONDITIONS ET MODALITES DE PAIEMENT Le palement est dO dans ls jours as . : Calsse dEperpne l IBAN: FRI2 l234 bb7B l SWIFT/DIC: ABCOFRP DOK",3,2025-04-06 18:41:57
589_jpg.rf.9a902cc98801c64964165213d012379a.jpg,589_jpg.rf.9a902cc98801c64964165213d012379a.jpg,oooo oooo -42qUINN IUNOADYy ooo-ooo -asa quis uyof :swey juNODDY yurg Iwai Ayjeay lo Aeg l oosbrs WLOL oobbs oobbs 32B Npodd Wasi INCA oobbs oobbs uaH Nposg Wa sNoA oobess ooobbs 243H DNPoldg Way anor oobbs ooGbs O49H wNpold waa JNOA oobbs oobbs: 343l PNposg Way INA IWLOL 323ldd NOtldi ss3d zoz Aienuef gz ana woo-alsIeas3Ajeasoay Aueduios ieain Ayjeay . BIJOAU - feleleloler may ulus uUYofioL ADIOANI WwosoapsseolBAieos ANY Pat,3,2025-04-06 18:41:58
161_jpg.rf.1d5d8f854d3726eb1f54376158124cee.jpg,161_jpg.rf.1d5d8f854d3726eb1f54376158124cee.jpg,"INVOICE INVOICE l929s From: Date: 4-l2-2o24 Reeves Manufacturing . 2B9 Faulker Business Park, Cleveland, OH Payment Due: 4-22-2o24 sss-2Bs-2lBs Customer ID: 2929b Infoareevesmanufac.com Billed to: Mcconnell Engineering sBs Pacheco St, Dayton, OH sBs-ol3-s2ss Infoamcconnelleng.com Description Unit Cost Amount Gear 2s3s l2 l2 Steel Hinge 2b4bB l3.so 27 Stalntess Steel Cog 39B2 l2.so 2s Subtotal b4 Discount lo Tax Rate o Tax o Total sb.bo Balancedue sb.bo",3,2025-04-06 18:42:01
624_jpg.rf.8931f12b19e8ea8159b9e2d1c389220c.jpg,624_jpg.rf.8931f12b19e8ea8159b9e2d1c389220c.jpg,eer RES Invol Teal Oress,3,2025-04-06 18:42:07
5766_png_jpg.rf.7b3bda2607fe26ba8dd0b314e772d5c6.jpg,5766_png_jpg.rf.7b3bda2607fe26ba8dd0b314e772d5c6.jpg,"oupasamerenvoounty oe teunses r MICROBIOLOGICAL 2ooo BLACHWELL AD. POCKVILLE, MD 2ob3o ASSOCIATES TELEPHONE: ool 73B-looo saLoTo SHwPFED TO . LOFILLARD RESEARCH CENTEK Bivvees - Bad cEOx Eee 42o ENGLISH STREET ATTN A, AH HECK GREENSBORO, 2742o . . er iat H PAYMENT TEAMS NET 3o DAYE lrvence DATE oopspry UNSCHELSULED ORA SYNTHESIS erupr T4942.3Bo Pewes Pas-eoo-lo/BB . ORIGINAL INVOICE . CREM Ul UB, CURRENCY ONLY",3,2025-04-06 18:42:15
20232461387_page-0001_jpg.rf.27c35a8719f6a6bff2854487a6d58ac6.jpg,20232461387_page-0001_jpg.rf.27c35a8719f6a6bff2854487a6d58ac6.jpg,"l 229 penaanea ae sma Oe Apey PB ere ersenone Yooooce feoose l ant ranen l erormsario Fe dared LL Oe BALY men ae lBs te Meda, OF HRY me Ane LO Op Brom re puSUSEEOTS M27o ONE RAN LOTRAGi oHNg I SUBEE AE SAD 29g SedoUd puoWeuUUgE p sauENepoLl LU Wovens Tes eed ar RT ET Ed RIL Wey Da EID ZroaiC: emmys D aeg ooo SZOZAPCH AO l Genera urgeess age Pence Lar eo ees ene RZOZAIA C Pv CZOZOO HP apoUdd 42o9 eumuninog men operzozs seamen a euteei-s lo2-4 ape LAINAOL Q:",3,2025-04-06 18:42:26
invoice55_jpg.rf.cc26afc551fd061945703f2b512f3314.jpg,invoice55_jpg.rf.cc26afc551fd061945703f2b512f3314.jpg,a ObB4-9s7-ecL . Jampous Olpnag eweNn yuea Woo srsrea BA easDoey ObB4-9S7- SZL ion LOVLINOD. OL ANSWAWd GN3S oZts :IvLoLans :Oz: UBiseg Prays9ll97 ors uGlsBg BINYDoIq OL: UBlsaqQ jesodelg oss: :UBlseq oulzeGern aolud: NoOldiuos3ao WALt TIEMXV NVDUOW OZ sOqUIEDoq St 3o2 BOJOALY l93BQ BDjOALUy amdols oldnis ADIONANI a irae,3,2025-04-06 18:42:31
543_png_jpg.rf.69a99b07bf7157016dfbaf83cdeff5a0.jpg,543_png_jpg.rf.69a99b07bf7157016dfbaf83cdeff5a0.jpg,"wer need eueticonerentenreren l 2, eye Remecharng, 7soo7 Parts ol224so7Bo Fachure ENTREPRISE CONSTRUCTION MAISON. 4s.avenue Zola 7.boo2 Paris FACTURE N ool9B DESCRIPTION. ate PRIX TOTAL: Quatre Capllt T Ecroua oF : . . . macholres. 72B pee. ae: i7Be Bloc aiment puissant Neodyme - Magnatique Smm Trou 2ox, tomm- B9 pee. 4.so . aa2 Sectlon de gilssioreanaciar l2 pes. lb.3o lB39 Anexydable aves palier da barre TOTAL .sgo TMA 24,B : MONTANT -723,7 . COORDONNEES BANCAIRES Noms Richecd Simon. Numero de compte is9lb oslB 293o 379o3",3,2025-04-06 18:42:33
107_png_jpg.rf.5a4627c2fb17f35bd2fa28826ecc327b.jpg,107_png_jpg.rf.5a4627c2fb17f35bd2fa28826ecc327b.jpg,"INVOLCE bros 2bb Laurence St, Miami, FL sss l42 3bss Infoabagelbros.sp.com Billed to Barnett Business Center 32b3 Fairflower St, Miaml, FL Invoice No, lB3bb ss l33 393b Date: Aug-2o-2o23 Infoabarnettbe.sp.com Due: Sep-2o-2o23 DESCRIPTION UNIT COST AMOUNT Standard Bagels Event Catering Vegan Bagels Event Catering Subtotal Discount lo Tax Rate 7 Total Thank you for your businessi",3,2025-04-06 18:42:41
Invoice_72_jpg.rf.1945b22dd4e47f3f6ea6591c7d75ce6b.jpg,Invoice_72_jpg.rf.1945b22dd4e47f3f6ea6591c7d75ce6b.jpg,"INVOICE ror company Sreei Asoress - Gay, Sate Dp Tee Wcioe Por, Company wore ID l crest Actress lene Date Cty. Sate Zp Due Dae Taw, Terms . Due upon recetpt",3,2025-04-06 18:43:01
489_jpg.rf.04c03560f9bca97f171dc75bf7951d06.jpg,489_jpg.rf.04c03560f9bca97f171dc75bf7951d06.jpg,"o NIC TAX INVOICE LIVE 4 MOVIE Orcular Read, Barant Evenue Amsitrar,Funjab:l43ool CSR VEN OIL TO Name Creative Designers Mamet Craatve Dewgnare Billing Addreset bso-R, SaMasel Town, Delivery Addresst bso-B. o i Model Town, Jatandhar,P unjab, l44oo Jalandhar Punjab, l44oo3, States Purvab State Code: o3 OSTIN: OTAKAPM 79o7 AZT PO/AG Nes SCREEN lSCREEN 2S CALEN 3 so Description of Goods or Services j vem ai ee Chargem MALIRAM JEWELLERS, eeiseOresencen. 3 -27 l2 2ol9-o2 ol 2o2o Amount of Tax subject to Reverse Charg sd Fetal inveice valve On words uPees Five Iheusand Nine Hundred Ferty Ent O Declaration: - For INOX LEISURE Limited Ss QUGT/ATCS/NEFT /Bank transler in the name of NOX LESURE LIMITED, . Please quste the lweica Number in full while remitting payments PaymentsTerms- immediate Wterest a ls per moth will be charged on del arymmentt l. Error and Omission in this Loveice shail be subje husteaiction of Mumbai, ASS Fewers, 2nd Fioer, Old Padre Reed, VedodaraGuyret. 39ooo7, india Corporate Office: Sth Ficer,virm Tewers, Next te Andheri Myover, Western Express Hichway,Andhert East, Mumbat:4ooo93, India FAN: AAACGOG3 CIN: LOZl99GIIS99FLCOS4o4s",3,2025-04-06 18:43:04
2609-Invoice-pdf_jpg.rf.e5116f28692a4afdc2f18a1f7d558710.jpg,2609-Invoice-pdf_jpg.rf.e5116f28692a4afdc2f18a1f7d558710.jpg,"TAX INVOICE, DueLiCA Ta Aon trianaronren / Ashtalakshmi Tiles Bath Fittings l yeoeaaas eee ot oee-ao23 s Pa i Deevery New MatesTacwe af Payment q Toe o9,ol3. 7 . IMMEGIATE: aaa ret ets ror tee Qupovere Ret. See eae ee farrier rH ou. Com zbooB MM. CHAMATH JA comin ERSTE Sait FBoB morse ens SHEIK ABOULLAH a BROS soe - . BOOR.NO:l4. MADHA GHURGH STREET, Cenpamn Cocument Na. Demvery Nore Dore ICHENNAi- ooo Of3 Deapsiohed hrevah Osrtinalan Cart Na: B4b7s 42Bo4 s . QSTIN GUIN l JAAAZPHI2b4A227l, Terms of Detvery Btate Name l Tami Nadu, Code: 33 Mates Mer Guyer a other than cormranem CHAHATH JALAN CASH DILL QSTINUIN s ISAAZPS22o3A27U. SuteNsme 7 Tama Nadu, Code: 33 l ALD-CHA-A73 HAND BHAHLTH FCT 4.24 FLEX TUGE WH - 4BlBo2o at ALD-CHR-7o3 WABTE COUPL.22mm FULL THREAD - 747B2olo 3 ALE-CH-TTIML 3ooXlBo BOTTLE TRAP WITH l. 74sB2olo, FULLY BODY 37mm var OB-CHR-b474 OVERHEAD shower tas eroret 3922looo DIA ROUND BHAPE 7 is. KUP-CHR-AACOTPMPILLAR COCKi a RUP-CHR.3so37PM BIncCOCK an 2BoblP RM 2 WAY SIE COCK J KUPCHUR-3BoB3FM ANGULAR STOP COCK WITH FLANGE 4BlBo2o BHA-CHR-479L2ooB - SHOWER ARM Zomm DIA oolBo7o a 3oomm LONG ROUND to 3b479FM KUBIX PRIME KIT srour i 3s94o3PM aPy JAC BPOouT 7 2 o3247N PLIR JAG BINK COCK GRATTING PLAIN ANTICOCKROACH . . GRATTING HOLE o4olBo2o 4 Pee Bb9Bl3B Fe: ws PISHER BOLO v2tBlBoo eNose 427.ol Noe l Connection lB Pye Koninoor Pva s4ol9o2o l2 Foe l2799 Foe yd ORS-WHT-loso3l TABLE TOP BABIN 3BsX3BoXl3sMM B9looooo 2.ooo oo Fre, laa Az72l EX NIPPLE Booo ree ty TEFLON Tar o l2oo 2ooo Pca e oe OUTPUY CAST a 9 om OUTFUT SORT CD oH om. Aounved Orr Jota Re l,l7,B3B.oo Amaint Crarynacie o wasoe OF indian Rupees One Lakh Seventeen Theumand Bont . . Hundred Triny Gia Only. oe : ies JAMIBHA a Companys PAN AGxemtzoe 7 Dectemtoen we . Mee . tee Companys Benn pete . We Geviate that tts imvorce shows the actual pres ef te goods Sank Nene The Mouth lagion Bank Seronbed and iat Bi PerLoUtars Bre LITUB Bd COTTER. . aro NO oo42o7 2oooooBoBs Branch B Cote Crown Cowl 4 Cuinedrel Rand Ch Customers Boel and Gionatare CO iat",3,2025-04-06 18:43:09
61_jpg.rf.544f1ef3f094b79c3e63d285456190c3.jpg,61_jpg.rf.544f1ef3f094b79c3e63d285456190c3.jpg,CRAFT SUPPLIES Receypt- DESCRIPTION PRICE PAINTS ACRYLIC 2o xb l2o PAPER STOCK LETTER WATERCOLOR PAD ls xb,3,2025-04-06 18:43:18
669_png_jpg.rf.585cb7598cd91dea56c5bf4c2ab9a10a.jpg,669_png_jpg.rf.585cb7598cd91dea56c5bf4c2ab9a10a.jpg,"FR SII Alpes l,2so 3,lso 4,4oo www, REALLY OREATSIT ECO ME GlB oloi llsbl .S,otasi cULojJI eulogy 2b gy lsb ojgils oo2 pSy Bs9 2o22 pensar ls wiuogJt ted SyQsla WJyaid clny a an su botgll Basso 222 l2s7B .djanJl Initiel wirefremes, UVUX rewew oloo4sb7l23 Gradi yygbs Beta version for testing Joai tp lad iyi it le UI iingdt clit ieyplasaJl pout AYALY olgut Asad nyplasall ody l-23-4sb-7 lori c l Ssp3Ust poe C27 yilozwel aires wt sete eet MARIA RAa REALL YGREATHTECOM o2 4sb7l234",3,2025-04-06 18:43:20
421_png_jpg.rf.9b59632f4420ed860648ff20d6b4bc28.jpg,421_png_jpg.rf.9b59632f4420ed860648ff20d6b4bc28.jpg,"OHELTON CO. CLEANING SERVICES Invoice No. lB2Bb3b Client: Oejesus Logistics Ltd. 9b Farleigh St., Cleveland, OH infoadejesuslogistics.site.com Date: os/l2/2o24 - Ove Date: os/27/2o24 SERVICE HR RATE HAS AMOUNT Monthly cleaning fee lo l lo Leak damage restoration 2o 2 4o Deep clean sanitization fee 2o l 2o Subtotal - 7o Tax Rate 7 - 74.9o Olscount lo - b7.4l Please send us confirmation once Total b7.4l full payment has been made. . Thank you. Payment Details Gold Tree Bonk Account No. lB92ss-S92",3,2025-04-06 18:43:29
144_jpg.rf.004f54dffc0c3dc7e7464ec8e847759e.jpg,144_jpg.rf.004f54dffc0c3dc7e7464ec8e847759e.jpg,"Bid n w 7M . Y/ 3 , m zv o.s ae om og hit No.B B 3 Ga B y",3,2025-04-06 18:43:29
128_jpg.rf.3bd046b7e8886175e761713cfe877c17.jpg,128_jpg.rf.3bd046b7e8886175e761713cfe877c17.jpg,"SALES RECEIPT , nA SHELLEYS GARDEN CENTER DATE: ol-o4-2o RECEIPT NUMBER : sss ITEM QTY SUBTOTAL SMALL CACTUS l lo.oo ORANGE TREE l 2s.oo ROSE BUSH l 3o.oo FOXGLOVES l ls.oo PUMPKIN SEEDS 2 lo.oo SUNFLOWER SEEDS 2 s.oo TAX s.oo TOTAL loo.oo THANK YOUi",3,2025-04-06 18:43:48
525_png_jpg.rf.ac460e445bedb705f30887e9510f1b00.jpg,525_png_jpg.rf.ac460e445bedb705f30887e9510f1b00.jpg,ALS ls2ol SG xe OZLs quNnoOWwY FIOL ovs ozs Zz sayoaeaig os as L wlYys CAcols BUC oss szs 4 qwYS AeYOD veqna ozs. ocs L SJOSNOIL UIPId Zcoc fz sequieidses AD Auy lg OsoYUMAUY SZ ZLON GOJOAUL sopucusos Oupod OL o37llB EIDU a,3,2025-04-06 18:43:49
2650-Invoice-pdf_jpg.rf.df229efe29e4c2047abdc0e738e55d22.jpg,2650-Invoice-pdf_jpg.rf.df229efe29e4c2047abdc0e738e55d22.jpg,"UTAXINVOICE NO: 439, J.N Road, art GSTINJUIN, l 33AABPADI34C l2i State Name l Tami Nadu, Goda: 33 a Buyer f other nan consignee: IMPEX INDIA COMPANY. is SELL NO: obooo3l477 ornaid t ienpenindeaooeD gr: TOBTINUIN c Sarkar asiascs cs eres Tard Nad Qi l Alawit lol3b4bPraMz-BOWEL WITH C cieren ree POR EXTENDED WALL HUNG aoa tevas i : 7 Too Caar Olscour ourrur COaT a 7 TavoiseNe. ourucan ve ror TRANSFOR rer l2bbo/22-23 a-Jan-2o23 Denvery Note Matias tT mers of F: . oe JMMEDIATE: Sunpeare Mat. Otner Raterentetay 2bbo MRJAMEB l Buyers Order La Dawa - ie oe J OUTSUT saBT cn o tsens cine Rounded Seri rd l t l l i l ieee he tn Tete eewresy : wee indian Rupees Steven 7 Thousand Bix Hundred t Ninety, Plant Ooty HewBAg Mernarka - ANIBHA::. . Comeanys PAN: B ackret3 oF thie iwolce show the sctual price of Ihe goods Oecemrason Yee Gectere that Geecrbed end Inat Bl particulars re fue Bd COLT OCt. . -Taxete Bank Name, l ANG Branch b : Bank Despateh Ceeumene he Detvery fete pate , Despatahed l tnreuahs Bantnaten om Lek Lana RRA Terme of Danvery, dhotor Venicte Ne, JTNOAAZAS TOISASi Sues Man James fi Cane Ton TT ve, : 4o,4bo.oo.b 42b,4o c Bees, -- - Te opt pum aereea re YC mak ae2ze",3,2025-04-06 18:44:06
out_EMBALLAGES-IDF_facture_Emballages-IDF-factures-05-2021001-pdf13_jpg.rf.5370ff9e7f1d32ef16c920849f5e698a.jpg,out_EMBALLAGES-IDF_facture_Emballages-IDF-factures-05-2021001-pdf13_jpg.rf.5370ff9e7f1d32ef16c920849f5e698a.jpg,"FACTURE : l som. 24/oB/2l Dacoetemgeed 4-By9B2l OleeSE Peze: l arnsas. BAG oy Comte we 4o7 o2s Cores RC B Peners b44 ooo FOR Nt ONTRA-COMAARIAUTAURE PRA2B 9b4 Boo 7BB - APE OMS B Corpnamtes smarne EMBALLAGE loB TOUR EUROPA Temqrene oo.49 37 724B a chars ACACSSE O LIVRAISON b IMRALLAGE IGF TOUR Lscea 9432o THIAIS 432o THIALS Votre Identifiant Tya - WIREE UMBALLAGE IOF Gu 2s/os/2l ----sccccccenvee Motre dosaior N hotre B.L n olbB9B ou 2b/os/2l AIGUILLES DE ROULEMENTS INA l WUSKI9.B-G2/o-lo mie 439, BB3 Total du B.L. ERD V/RAT EMBALLAGE IDF Ch 2s/os/2l --nccesseccerse Notre Gossior W OO77I4 Notre B.L A olbB9B au 2B/oB/2l RLMT RLK CONIO.TIMALN-lso POP 2o2oB tat 2 lb.s4 4ooBoB9, 7s Totet ou O.L, EURO VERGE RMDALLAGE IDF che 2b/os/2l cervecessseeeess notre Goastor M OO77lb hotre a.L n olbB9B du 2B/os/2l 72 TRANSPORT FRANCO A DISPO wi l TSC TS TST pan roils pou BGLNT rire aa CB-CAATE BANCAIRE COMPTANT lo,ol 2o.ooB CCHEANCE 3B/oB/2l pride fy arene ow Le arent Oor PARAS 3 T.V.A ACQUITTER SUA LES DeaITS iSO 9ool WR 7B. 3ooo 4oo3 7los 7om BODD 73B ol CAPA RPPORE",3,2025-04-06 18:44:13
556_jpg.rf.65ad1c677a4ef3b6ad89a0a6e27784ed.jpg,556_jpg.rf.65ad1c677a4ef3b6ad89a0a6e27784ed.jpg,"AVERY DAVIS aNnVOIGE invoice l ol234 : - BIN Toi Aaron toa Iweue Date ll/2l/2o23 223 Aruwhere St - Due Date: l2/2l/2o23 any City, AT 234s FPRODUOY / BBAVIOE Firat Item description po l 2boo.oo 2soo.oo ascend Itam description Pl 2soo.oo B2Boo.oo third Itam description Pl 2soo.oo B2soo.oo soulal l GreaPygreatsita . tac B227.oo subtotak 7727.oo. - social 2 areabygreatsite acolal 3: Greakygreataita : AMOUNT DUE: 7727.oo. HELLOOMBALLYOREATSITE.COM / PH: l2o.4B9.7B9o WH APPARROCIATE YOUR BUSINESSi WWW. REALLYGREATBITE.COM",3,2025-04-06 18:44:38
385_png_jpg.rf.fbfdf61c24811183b5b00342ef1d057e.jpg,385_png_jpg.rf.fbfdf61c24811183b5b00342ef1d057e.jpg,"INVOICE l ReNemenzesses :CHent: , Frankie Hughes Plant Hire Sanford Hotel Resort l93b Kerring St., Boston, MA lbB Bellsway St, Boston, MA sss l4l 3boo sss 323 sB2b infoafhughueshire.sp.com infoasanfordhotel.sp.com Description Hrs/Qty Hr Rate Amount Digging excavation for foundation 2 so loo Pipe laying excavation 3 3o.so 49lso Subtotal bl9lso Tax Rate 7 Tax l3.4o Discount S Total l94.bs Due Date: Please pay invoice by Sep-os-2o23 Balance Due: l94.bs Please ensure that. all payments are made in full byi the due date. Thank youl",3,2025-04-06 18:44:58
272_png_jpg.rf.0167179d80600b53bc28455e88fc01b9.jpg,272_png_jpg.rf.0167179d80600b53bc28455e88fc01b9.jpg,BESIGmN IVER SISTINE Gy abla by l2/oB/2o22 wAngolatansore l AGEs MELD u erent ALTE AC COUDENUM be 234sb 7B SEES GECRO ELIE DESCRIPTION DE UNITES Ric HM QUANT LTE Or aL -Houg Consultation ea. 4 Oca eEn 4o UX Design Daysiworked ge 2oo Ra Bell4oo SUbtotaliel4oo OtaLS4oo SUBTOTALIEIZoo ExnRASIEO OTA Iel4 OO,3,2025-04-06 18:45:00
387_png_jpg.rf.edec4e176f7a81a6b89812b743fb0cb3.jpg,387_png_jpg.rf.edec4e176f7a81a6b89812b743fb0cb3.jpg,"AJOUIM MH Aayes ossius ierda. Sig-aa4 GBuiddiys . O9LOLS OL AUNODSq: OGZELS 2 DIEM KEL OSSOLS leroA9NS bss. z BLS: WWosz- sboz aqiew pau OSZLS L OszLs WOSZ blo2 Yerks poy lb S. z osbts wos2loz Sunsap aM, qunowy AID 3so Jun , Medposag . wosds AIEISSYID OU WwoodssaulmyiYyAa Pesan GabE LZLSSS Words soUMYUADULJOOIUI AN UA oo4B AS uosuag ZBL: 72s92c OOL SSS queineqsay a7es ayL- WD orsjaueus ues o paddiys 2 pania. A 39olM NIH Aoqsed BIIOAUl",3,2025-04-06 18:45:10
77_png_jpg.rf.befd2a317171110f988253b101a083b2.jpg,77_png_jpg.rf.befd2a317171110f988253b101a083b2.jpg,"W CARAS FLOWERSFIOP 23 Cara Avenuc Arac, Mf l2343 Carasflowersshop.com Invoice DATE ISSUED: December 9, 2ol9 INVOICE NUMBER: B4B473 ITEMS: QUANTITY Prick: Fertilizers l 2 S2o Flower. Pots: B S24 SUBTOTAL Sag Ne ty ata aw oe ce, ON sta ., ir NE ae a i Oats",3,2025-04-06 18:45:13
570_png_jpg.rf.95afca7c9564734f2825c883f7d44275.jpg,570_png_jpg.rf.95afca7c9564734f2825c883f7d44275.jpg,"ea QR dleielele RX l /BlB/ Bl2/3B 22 B 2 2 ol saial Spal ea o on Ls ee se z E S 3 a: 9: w . a s leleleigialgl gg: be ry eBISi3lSlSl 3 2 3 3s o9 BOG , 3 B : aea oO: i z eferdabeade Ee a f O 3 e. 3 : Sx: iz og: ai . g BBg 3s o: z ot Perel a3 lp uwi 4 : Q an : g att so: lFElStc 3 oS EY sBB2 Hy Z w Oo RP Spe 2lB R gon 2.3BB poe ot lelelale/ 2 bf 2 eee a Pa B at 9 : . s 3bBb z. O. 2b elaigleiB zl B BE: eBB2 WUE: G2 e/elsletsie 9B bBBB 3 Oo 2B ysl Seles iz ee: OBss e as ee a Be 92i gise 7 SS bis Ff gb: s tpi : B ie fz: o BOB Q QZi i ds olc-lalels. goB E 3B . FNEG l y SBB Bae oa: Bees",3,2025-04-06 18:45:15
214_jpg.rf.ef5042b6c1b1568bdf005d0449aff906.jpg,214_jpg.rf.ef5042b6c1b1568bdf005d0449aff906.jpg,"me PRESTO T oe Lo een we SAS : a T l A SG eRe 4 : ate SE See te eS tO A i, s ET a ne ae en 4 OE ites andy eR AN mbes LOPS jO3I -XXOZ-oE-7o 7o3eg Ong HSVOD SSANINJSGNIW FVOOA XXoZ-oZ-PO avd 9bEbT USGWNN JDIOANI suyof yefed DIIOAUT HER",3,2025-04-06 18:45:17
